{
  "val_accuracy": 0.9714221358299255,
  "val_macro_f1": 0.9567909240722656
}